Abordagem,AUC,t=1,t=2,t=3,t=4,t=5,t=6
Abordagem1 (P) (BASE),0.05132454019670838,0.11986987391587914,0.08471648942046207,0.042255880021430645,0.0329632131969535,0.02814178462552493,0.0
Abordagem2 (R) (BASE),0.04928618752697918,0.11041437348165388,0.07245454978065657,0.05656463264851476,0.02814178462552493,0.02814178462552493,0.0
HARRIS (L=0.0) (BASE),0.06909776284082615,0.19378306409313747,0.13100863209208802,0.06544477997075496,0.014684506739642103,0.009665594149334452,0.0
HARRIS (L=0.5) (BASE),0.09981148369404783,0.24969119199183826,0.16666987617016193,0.10979438447838175,0.05757166489838018,0.015141784625524927,0.0
HARRIS (L=1.0) (BASE),0.1213464414896808,0.2755439037539125,0.2137804010696061,0.14541587751701265,0.0891154621773308,0.00422300442022266,0.0
AR (ESTENDIDA),0.057620333943935606,0.12079108299730634,0.11762105983147418,0.05219852504018247,0.027555667897325328,0.027555667897325328,0.0
MR (ESTENDIDA),0.054638654985937125,0.12079108299730634,0.11762105983147418,0.05219852504018247,0.027555667897325328,0.009665594149334452,0.0
Abordagem1 (P) (ESTENDIDA),0.027499865292153234,0.04905854704978858,0.04419248840290275,0.04419248840290275,0.027555667897325328,0.0,0.0
Abordagem2 (R) (ESTENDIDA),0.03192236332636639,0.06128572232307773,0.056490107450521805,0.045406774117188464,0.02346150231941944,0.004890073747990874,0.0
HARRIS (L=0.0) (ESTENDIDA),0.04213657923840365,0.0979179429744623,0.08284725030766467,0.035954549780656576,0.031209658619647536,0.004890073747990874,0.0
HARRIS (L=0.5) (ESTENDIDA),0.05800553015683609,0.13091690180816803,0.10759755465441877,0.060537726498140855,0.03931540383095446,0.009665594149334452,0.0
HARRIS (L=1.0) (ESTENDIDA),0.05093321572517765,0.1289333750732277,0.08363296459337895,0.06138312120922801,0.027555667897325328,0.004094165577905882,0.0
