dataset,NumberOfInstances,NumberOfFeatures,NumberOfClasses,MajorityClassSize,MinorityClassSize,MajorityClassPercentage,MinorityClassPercentage,MeanMeansOfNumericAtts,MeanStdDevOfNumericAtts,MeanSkewnessOfNumericAtts,MeanKurtosisOfNumericAtts,MeanAttributeEntropy,NoiseToSignalRatio,IQA_MeanBrightness,IQA_MeanContrast,IQA_MeanColorfulness,IQA_MeanSpatialFreq,IQA_MeanBlurExtent,TargetCoV,MeanCorrWithTarget,MaxCorrWithTarget,MeanFeatureCorr,LinearRegressionMAE
CSIQ_blur,150,11,5,30,30,20.0,20.0,,,,,,0.0,,,,,,,0.0,0.0,0.0,0.0
CSIQ_contrast,116,11,4,30,26,25.862068965517242,22.413793103448278,172.4645446103457,82.75028928057543,,,12.815162382024496,0.24200595400615993,105.05750618343026,35.53063178276794,23.810966175776418,14.623460370569065,676.9161545903527,0.5957074152027899,0.45461542732907056,0.8195133202629454,0.3908159168279109,0.17684798242274774
CSIQ_fnoise,150,11,5,30,30,20.0,20.0,293.07034497511995,137.97195822532458,,,16.873805035829047,0.527124860711472,106.54846327672576,58.69851520126947,46.090473023887355,26.152407196766774,1943.3039155700135,0.5737224804116268,0.1562260051063998,0.45700697808791496,0.2755632596016613,0.34354044530684485
CSIQ_jpeg,150,11,5,30,30,20.0,20.0,,,,,,0.0,,,,,,,0.0,0.0,0.0,0.0
CSIQ_jpeg 2000,150,11,5,30,30,20.0,20.0,,,,,,0.0,,,,,,,0.0,0.0,0.0,0.0
CSIQ_noise,150,11,5,30,30,20.0,20.0,,,,,,0.0,,,,,,,0.0,0.0,0.0,0.0
ChallengeDB,1169,11,1,1169,1169,100.0,100.0,181.1298377671336,105.66908255706299,7.026474480830772,169.95614209716828,14.121285479716446,0.5000015194866164,102.23994455723114,55.44360778130171,36.74318569072948,16.176982629864654,762.6898965611111,0.3663536079982228,0.20514886226700862,0.5048334482415727,0.1933719913794845,0.24507011876214294
KADID10k_Dist01,405,11,5,81,81,20.0,20.0,154.08916804840885,100.3622459223196,,,14.9490384102849,0.4189436104643419,114.7509868964879,50.5385871832481,53.78589855827325,12.957170793381366,549.4623798689659,0.4449488398065341,0.26003578478712525,0.904270047464979,0.22196727609268863,0.17043909644416114
KADID10k_Dist02,405,11,5,81,81,20.0,20.0,110.85762340877764,20.911485582754775,,,14.90317423883772,0.4082918607331338,114.9191119518528,49.28765928192289,53.54469745879314,7.909762806485348,80.26599078591953,0.45198918319867165,0.23755633684870403,0.8252633482651179,0.21851699309686487,0.19345645867026884
KADID10k_Dist03,405,11,5,81,81,20.0,20.0,158.97836694651838,95.4169287607648,,,15.040933737183913,0.4243413250329861,114.62032755282306,51.051615932600576,53.66115884158479,15.251671577861377,600.6235555705001,0.3768688141051879,0.1721927912012563,0.6111890877091626,0.2354525354013234,0.22850553566838175
KADID10k_Dist04,405,11,5,81,81,20.0,20.0,247.90711502558597,130.91747247722225,,,12.274346109709088,0.41030021631367297,110.85402404994132,49.29882055237561,110.84214882830554,21.901379985439718,1522.7908745895036,0.5009624210532633,0.2774149678188597,0.7838403978425746,0.31896830715729846,0.18026875062291287
KADID10k_Dist05,405,11,5,81,81,20.0,20.0,195.1710955602911,81.077689926985,,,15.236123416043663,0.41951070269101337,114.1825581619941,50.46367526322604,58.18492223852649,18.44071799735054,991.8427830108933,0.4102450799244017,0.07103067004549303,0.14211415657272458,0.2596653927388725,0.3036512294215559
KADID10k_Dist06,405,11,5,81,81,20.0,20.0,646.4261086713581,399.5150601013016,,,4.366018206172774,0.4719808805033144,116.95590597373304,57.61176431231893,58.18435656248862,36.14897526739876,5939.245471900825,0.20623072490759262,0.2658019849067998,0.7795088072070259,0.2577699108170258,0.0810968486630016
KADID10k_Dist07,405,11,5,81,81,20.0,20.0,261.7533011460234,141.1482221523678,,,11.55021723955769,0.3773753701593917,131.69935049429938,54.91673402591829,11.064587782359071,24.167723581198686,1747.2463431241272,0.16220362995605792,0.08182567581776262,0.12944399509027749,0.3202842112694164,0.12055481969992785
KADID10k_Dist08,405,11,5,81,81,20.0,20.0,272.8333086765844,141.53707746776055,,,12.5297225075011,0.4370138620242187,110.76105985673067,51.14652143385776,105.80203691185427,24.20546799721068,1797.9514814030636,0.4148820739512609,0.20343444392986712,0.7874988523206546,0.29994943026504806,0.18196610106342537
KADID10k_Dist09,405,11,5,81,81,20.0,20.0,194.5593969687419,103.056784931446,,,15.27257277411684,0.43166896498872,114.2639867081668,51.837286358789605,53.03846659935428,19.052611392230364,988.1626525696447,0.3888846757657866,0.12402889219517893,0.49435284477908287,0.24644489444383227,0.28735659326455765
KADID10k_Dist10,405,11,5,81,81,20.0,20.0,220.2074204409869,106.52384983266842,,,11.275063833723204,0.43803441042736774,114.24132952218265,52.58239954086191,53.865648110830534,22.04874993972298,1269.8000048524725,0.40531477368802654,0.1861284499294112,0.7694512103875115,0.27510835511575243,0.13698167376813386
KADID10k_Dist11,405,11,5,81,81,20.0,20.0,535.383865625704,242.47468189623444,,,17.11389749151023,0.45207884277016663,114.3433616637832,53.937117194156045,59.629214289217444,34.35297372546078,4711.556211670503,0.211653464124274,0.19935805446824598,0.5548809688090139,0.25502080494493523,0.11640021398643233
KADID10k_Dist12,405,11,5,81,81,20.0,20.0,482.538550654264,219.5887291307389,,,17.01390845860787,0.4494928417718517,114.33924559072234,53.69553836376888,59.25650325926816,32.599976296328265,4132.700653912775,0.24814037210579226,0.21750098903959234,0.5995280986706011,0.25600372845166297,0.13310715719469277
KADID10k_Dist13,405,11,5,81,81,20.0,20.0,544.4257685284152,264.61271475842165,,,15.081163841806188,0.4496765786872062,114.35585823648336,53.786707704162026,61.8997665900121,34.38947230208896,4810.801008561478,0.21410346943006722,0.21179907607622583,0.6769021887712073,0.2578113782003999,0.11315512255425107
KADID10k_Dist14,405,11,5,81,81,20.0,20.0,547.5171204012,334.86427373564635,,,16.79183919421652,0.45439922118147114,113.80100440264292,53.89558004412147,59.84278323227882,34.07981125076783,4845.889396647323,0.28058755868378077,0.2998753170212798,0.6997314649617398,0.2787685391418179,0.15810407181838057
KADID10k_Dist15,405,11,5,81,81,20.0,20.0,169.60233547827187,41.769216369941454,,,16.884353424384997,0.39376476050843356,114.18675931713592,46.64902060228409,53.04070244325248,17.21872383068934,719.0292053799083,0.3634065143800423,0.18205424172568455,0.5963701587340658,0.2424564938705146,0.19099174819973952
KADID10k_Dist16,405,11,5,81,81,20.0,20.0,342.6163131517588,226.2426687540565,,,13.814826697192437,0.313622962195808,158.38621321448306,55.81905658077597,57.04796470379627,27.844873033213975,2555.963668932843,0.31319030158513655,0.3495451525059193,0.7644500879176332,0.3566619478952091,0.12562391002002204
KADID10k_Dist17,405,11,5,81,81,20.0,20.0,269.7572603395529,148.30393971192322,,,13.601329075431519,0.5842281955691401,86.13959046522352,51.728453394725086,54.780799845444115,24.250800888928683,1837.018976715294,0.241201380382332,0.2953796572367309,0.5846286300121867,0.3224609557288515,0.1107574140538493
KADID10k_Dist18,405,11,5,81,81,20.0,20.0,305.37731627895926,174.93113518706738,,,14.345672668230467,0.4807912832326532,113.27855458528872,57.16139880047497,58.57264195365183,26.679998890114252,2190.8768628110793,0.07785320071348524,0.09597245996486198,0.2707657065609927,0.2623531154429072,0.05514128971924593
KADID10k_Dist19,405,11,5,81,81,20.0,20.0,233.6654133085863,102.47832470407667,,,14.848663134554759,0.36498280155225277,116.79038545328902,44.54212727320017,46.374202387284576,19.857107425990783,1429.0015058220715,0.4181694543795518,0.1262897106617005,0.38337063422792944,0.25122823539423816,0.2476077363766065
KADID10k_Dist20,405,11,5,81,81,20.0,20.0,281.8870892883667,150.52990914197306,,,14.951902262155729,0.44157737151980553,114.18344705821222,53.021150861423514,53.9059322096032,25.15506976630483,1941.1116205544577,0.17557686673394562,0.11917482271221454,0.22728230225173895,0.2784591595448543,0.13764029549953694
KADID10k_Dist21,405,11,5,81,81,20.0,20.0,277.6363118912639,135.88586218063713,,,14.164753431976385,0.4415690548870186,114.2893193075838,53.03276310278113,53.93582794261434,24.907987870918298,1895.2409861727572,0.31209375664421146,0.1247435826413732,0.4046304675596112,0.27476125645770194,0.2024708562311286
KADID10k_Dist22,405,11,5,81,81,20.0,20.0,321.2673183484201,173.7594130196396,,,6.418558934364445,0.4312588208029747,121.84844404388427,55.34756998260522,58.02852781889112,27.16823593075311,2366.6532726595274,0.2112941865527064,0.18865068929402737,0.6861853102873974,0.2518102891296245,0.11331881057596761
KADID10k_Dist23,405,11,5,81,81,20.0,20.0,274.2522483004491,142.74093239108637,,,14.775838225586751,0.4454907558455821,114.57001257682015,53.41007393508057,58.440422580405354,24.859687866337264,1852.3616044832359,0.15811588253424813,0.04613277540948364,0.10439923992377613,0.2796743184626801,0.11780414757290497
KADID10k_Dist24,405,11,5,81,81,20.0,20.0,1755.1362146614301,1658.4965780026514,,,13.032317057595337,0.5936761120581172,118.11644511316244,74.3786477720529,51.73659378443198,68.39826284431236,18083.297157636265,0.3827619654617376,0.4234308836895851,0.7207897991903157,0.39902092015441276,0.193360607958167
KADID10k_Dist25,405,11,5,81,81,20.0,20.0,318.4161508420584,217.30081375827697,,,14.192650682366303,0.4456114104317525,113.50489066989978,56.64585271088109,59.341465622802495,26.757121491888313,2333.5300627218994,0.12867969989339284,0.09920993008492159,0.21649565511415972,0.30281532121466115,0.09689543601195533
TID2013_Dist01,125,11,5,25,25,20.0,20.0,525.1733201239917,460.2720156025502,,,17.03115698589822,0.4484762980980669,110.88880463695068,51.07563582558327,45.79601403381073,32.99703721150103,4619.863999363039,0.14916201058710557,0.32902436719537564,0.7695124686575867,0.28417767537122374,0.08008135009846491
TID2013_Dist02,125,11,5,25,25,20.0,20.0,380.41625681658513,440.11017338000534,,,17.035753249512545,0.44082330478865045,110.90993481488444,50.3691558555097,46.13044067658322,27.76533116425905,3032.8768274629974,0.1088585362051326,0.26726998897846943,0.5815406736596052,0.28132531148660184,0.07201908562501744
TID2013_Dist03,125,11,5,25,25,20.0,20.0,365.40075099456476,434.12853928315434,,,17.02953542529316,0.4483958199577577,110.89147612012532,51.06818104906168,45.80017867577173,28.40359592144905,2866.9561830065577,0.20578996943475109,0.259647099821682,0.6166425753014352,0.2851324458098652,0.11483090947303362
TID2013_Dist04,125,11,5,25,25,20.0,20.0,637.8651091285409,474.64957897617484,,,16.3592179342231,0.44698623886431443,110.94992756802165,50.98026265166592,46.700505539412916,34.95931280931558,5857.204473356721,0.11223273090492887,0.2746018506406649,0.6569768246271797,0.2891926949991466,0.06504471170598891
TID2013_Dist05,125,11,5,25,25,20.0,20.0,1111.8356658581395,1054.5850078295998,,,17.031252398556365,0.46087348269322703,111.05197993043213,52.43602539163342,53.113066930570405,43.7675907656126,11053.832355752062,0.2112638009556029,0.4374406774701398,0.9366204650626875,0.32484229390681,0.06448890919420702
TID2013_Dist06,125,11,5,25,25,20.0,20.0,603.3686455109947,515.0226804183558,,,12.755554119087787,0.441951432266289,111.43012609441327,50.68113703016025,47.41437149390917,35.100780943635314,5480.256198470699,0.14742010193935481,0.327792985696849,0.8409971400273527,0.28883512544802875,0.08009607827067927
TID2013_Dist07,125,11,5,25,25,20.0,20.0,416.9049683423648,443.9910931534639,,,4.246796428603438,0.44661083385329853,110.790369107841,51.041892004257924,48.368608368113044,29.52334937109333,3442.744865182214,0.23539504854428783,0.27851477724409945,0.7827763339517408,0.27046697388632873,0.07103807901444682
TID2013_Dist08,125,11,5,25,25,20.0,20.0,130.55337304525267,87.72331494292256,,,14.233331223712861,0.41006864654639474,110.49731622303061,46.72064736172423,38.74358646924743,11.373682152366875,314.60963787170374,0.30254316911914214,0.21994433812066758,0.7705263028865166,0.26462246117084826,0.1880560773613207
TID2013_Dist09,125,11,5,25,25,20.0,20.0,230.25648156839495,364.35930188577544,,,15.894915620056137,0.3929788372558415,111.58923895822348,45.99121463425059,38.6573451083699,17.87572342865596,1402.888763580719,0.3540615292936622,0.2948120634822003,0.5574301334959766,0.28157859703020993,0.14871134453224077
TID2013_Dist10,125,11,5,25,25,20.0,20.0,270.618913625026,352.2708249031991,,,10.82053001537753,0.4348077690988271,111.08028764122314,49.78177560629967,39.89717097979109,22.812965837990372,1842.7857198035747,0.3431572261305994,0.14992378311130178,0.8043650239407676,0.30414968424645844,0.0746436605094569
TID2013_Dist11,125,11,5,25,25,20.0,20.0,242.499211874248,415.72506204958614,,,14.872289026201255,0.4205514434440736,111.18035752060955,48.589408926514,38.32572366035007,17.704291452305036,1536.9711255745883,0.45593309328013937,0.2838313503108392,0.7967704722323993,0.3094702167605394,0.24935654737330729
TID2013_Dist12,125,11,5,25,25,20.0,20.0,340.7513060818599,407.3023220619372,,,13.85927901819881,0.4385421890490068,111.09006933651938,50.199076243093245,38.77839883374641,26.418763912194333,2608.3892936532143,0.2722496720573169,0.1344221298563685,0.19204170853388808,0.29173493770267966,0.21383120128021096
TID2013_Dist13,125,11,5,25,25,20.0,20.0,415.5465311230675,476.3205987881727,,,15.919359287115597,0.4485230301722345,111.0983111402181,51.177521593548384,40.1447538385043,29.67539842879313,3423.740363866598,0.26110897404518885,0.0982738389383402,0.34327452592814284,0.29645127154804574,0.18835860137297356
TID2013_Dist14,125,11,5,25,25,20.0,20.0,341.46452750779616,463.80233913468396,,,12.388828402314072,0.439724481814157,110.90343974001868,50.362753749561215,40.02473552624573,25.839725683368712,2616.9272849400627,0.16713174345852133,0.07510787979339567,0.1382426184776175,0.30802372418501445,0.13738557037809063
TID2013_Dist15,125,11,5,25,25,20.0,20.0,324.8229445128091,434.7770809856893,,,12.26591575122977,0.4320863046327155,111.2458234896281,49.6524810408957,41.24826676822828,25.131501776777494,2433.9693250656146,0.13263838362814892,0.16035788784147653,0.2176841071413544,0.3118342720600785,0.08758084902719657
TID2013_Dist16,125,11,5,25,25,20.0,20.0,318.90943532429105,402.18027321251867,,,12.196296328570025,0.45374620914159625,105.86311336205647,49.36896329453078,39.43147880066277,25.096571997437827,2376.5472310875466,0.11540029379217812,0.16436017610426834,0.34563103221732067,0.2803666154633897,0.08137368293083652
TID2013_Dist17,125,11,5,25,25,20.0,20.0,309.65794773628943,410.6217556857134,,,12.190217383993136,0.36608829434798984,110.40361033799644,46.60416241558787,37.36521380852254,23.692306694606916,2276.178387969753,0.23028372198307048,0.3634438685883848,0.7299975115288073,0.3375123741252773,0.10302016798428536
TID2013_Dist18,125,11,5,25,25,20.0,20.0,333.9699802021264,460.5486575332698,,,10.718106261042568,0.43571932901177296,110.9660803990031,49.99693460715524,20.504028098923012,25.620516935882442,2556.230797672079,0.1712455544189459,0.25515067045565776,0.7391281640390492,0.2931024065540194,0.07819894900233021
TID2013_Dist19,125,11,5,25,25,20.0,20.0,534.0917416449433,472.2909241691432,,,16.79581183466676,0.4467328508923553,110.5070511596639,50.71800608889497,46.217090699955946,33.154864908784695,4718.2136951301745,0.15531478561274148,0.3294957712649429,0.79094981203898,0.2995135688684076,0.06944935803864571
TID2013_Dist20,125,11,5,25,25,20.0,20.0,334.7526058371573,442.92752567684494,,,13.973406721011909,0.4378526327215469,110.96489429442951,50.1524175886792,39.822103772650294,25.43684689120874,2542.360499858157,0.2213936910208683,0.14316461203628733,0.39987833883915985,0.29825362689878826,0.11721532252929791
TID2013_Dist21,125,11,5,25,25,20.0,20.0,367.59803485876006,401.70289758139864,,,15.369289524151059,0.4182672244998433,111.26995840117188,48.38698126318354,40.32030000377277,26.99474987186501,2901.686065883731,0.26696851791817583,0.162531846866152,0.6408464660071942,0.28348489503328217,0.1362877944405318
TID2013_Dist22,125,11,5,25,25,20.0,20.0,633.0615434458188,527.1471217621689,,,4.053272888777369,0.4282798568444194,111.2495184601359,49.33363601806309,37.411146767568184,34.7751779946347,5827.410105298509,0.24525858260354436,0.3624907065549628,0.8733694216411969,0.2901462706946578,0.06437168529788984
TID2013_Dist23,125,11,5,25,25,20.0,20.0,262.3666530724179,407.0162786799454,,,15.531277817362032,0.41909945277830846,110.99183253805745,48.670238997495034,45.502703447071674,19.16398808988431,1746.3309817117336,0.2969871967874774,0.2522767747070512,0.6648018261587383,0.28355555555555545,0.12478930219625675
TID2013_Dist24,125,11,5,25,25,20.0,20.0,233.30624605230415,412.5356657952612,,,13.46606530374794,0.41546839236300914,110.96472564692792,48.18318222133112,37.51736661017651,16.844255897505068,1439.622007393273,0.5039239061593421,0.26319881276532825,0.7346661648923672,0.2987977470558116,0.23274683531023377
