dataset,NumberOfInstances,NumberOfFeatures,NumberOfClasses,MajorityClassSize,MinorityClassSize,MajorityClassPercentage,MinorityClassPercentage,MeanMeansOfNumericAtts,MeanStdDevOfNumericAtts,MeanSkewnessOfNumericAtts,MeanKurtosisOfNumericAtts,MeanAttributeEntropy,NoiseToSignalRatio,IQA_MeanBrightness,IQA_MeanContrast
TID2013_Dist01,125,8,5,25,25,20.0,20.0,114.61526327910032,0.5561115809735705,,,17.03307825719504,0.4484762980980669,0.43485805739980665,0.20029661108071872
TID2013_Dist02,125,8,5,25,25,20.0,20.0,114.64519977742195,0.6233436182029126,,,17.03774943844857,0.44082330478865045,0.43494092084268415,0.19752610139415572
TID2013_Dist03,125,8,5,25,25,20.0,20.0,114.61572518106439,0.5573895007247247,,,17.03155479609449,0.4483958199577577,0.434868533804413,0.20026737666298697
TID2013_Dist04,125,8,5,25,25,20.0,20.0,114.54479201487014,0.6402410912259655,,,16.36081521056816,0.44698623886431454,0.4350977551687124,0.19992259863398398
TID2013_Dist05,125,8,5,25,25,20.0,20.0,114.57938201157731,0.5169591273889551,,,17.033873389316526,0.46087348269322703,0.4354979605114985,0.20563147212405264
TID2013_Dist06,125,8,5,25,25,20.0,20.0,114.10109228424292,0.6902781733810026,,,12.756075361280738,0.44195143226628897,0.43698088664475787,0.19874955698102056
TID2013_Dist07,125,8,5,25,25,20.0,20.0,113.01502550632259,0.6931223969669524,,,4.246796428603438,0.44661083385329853,0.43447203571702353,0.2001642823696389
TID2013_Dist08,125,8,5,25,25,20.0,20.0,114.3448978368598,0.831019696232144,,,14.233739465218788,0.4100686465463948,0.433322808717767,0.18321822494793819
TID2013_Dist09,125,8,5,25,25,20.0,20.0,114.55472481507677,0.7783994244245654,,,15.895740035437202,0.3929788372558415,0.4376048586596999,0.18035770444804153
TID2013_Dist10,125,8,5,25,25,20.0,20.0,113.88513148828699,0.9905782051821472,,,10.820620294688181,0.4348077690988271,0.43560897114205155,0.19522264943646928
TID2013_Dist11,125,8,5,25,25,20.0,20.0,114.41844831123677,0.845106024634438,,,14.872903930019985,0.4205514434440736,0.43600140204160603,0.19054670167260396
TID2013_Dist12,125,8,5,25,25,20.0,20.0,114.25267748826275,0.6916564452370935,,,13.859427549355958,0.4385421890490068,0.43564733073144857,0.1968591225219343
TID2013_Dist13,125,8,5,25,25,20.0,20.0,114.4765967792687,0.5787014026288945,,,15.920264220542128,0.4485230301722345,0.4356796515302671,0.20069616311195443
TID2013_Dist14,125,8,5,25,25,20.0,20.0,114.08557790631316,0.7853324951542268,,,12.389172261261486,0.439724481814157,0.43491544996085774,0.19750099509631844
TID2013_Dist15,125,8,5,25,25,20.0,20.0,114.05453776085427,0.722890857717037,,,12.266252595051089,0.43208630463271547,0.43625813133187485,0.19471561192508116
TID2013_Dist16,125,8,5,25,25,20.0,20.0,114.03817121312322,0.8238223206828457,,,12.196482766798384,0.45374620914159625,0.41514946416492743,0.1936037776256109
TID2013_Dist17,125,8,5,25,25,20.0,20.0,114.07619609158382,0.8414668591868268,,,12.190325488050627,0.36608829434798984,0.4329553346588094,0.1827614212375995
TID2013_Dist18,125,8,5,25,25,20.0,20.0,113.87284941183383,0.7914093132994162,,,10.718249535537442,0.43571932901177296,0.4351610996039337,0.1960664102241382
TID2013_Dist19,125,8,5,25,25,20.0,20.0,114.60412432705164,0.6163341799620181,,,16.798101217712972,0.4467328508923552,0.4333609849398585,0.1988941415250783
TID2013_Dist20,125,8,5,25,25,20.0,20.0,114.27184340043979,0.712452256355847,,,13.97441952530454,0.4378526327215469,0.4351564482134492,0.1966761474065851
TID2013_Dist21,125,8,5,25,25,20.0,20.0,114.44358908567713,0.6954336773700465,,,15.3715685411884,0.4182672244998433,0.4363527780438113,0.18975286769875896
TID2013_Dist22,125,8,5,25,25,20.0,20.0,113.01589140322442,0.7691428858062741,,,4.053272888777369,0.4282798568444194,0.4362726214122976,0.19346523928652193
TID2013_Dist23,125,8,5,25,25,20.0,20.0,114.50008697027431,0.9003563096682079,,,15.532408796474575,0.41909945277830846,0.435262088384539,0.1908636823431178
TID2013_Dist24,125,8,5,25,25,20.0,20.0,114.23275200859727,0.7808527832629705,,,13.466803123773632,0.4154683923630091,0.4351557868506976,0.188953655769926
CSIQ_noise,150,8,5,30,30,20.0,20.0,,,,,,0.0,,
CSIQ_jpeg,150,8,5,30,30,20.0,20.0,,,,,,0.0,,
CSIQ_jpeg 2000,150,8,5,30,30,20.0,20.0,,,,,,0.0,,
CSIQ_fnoise,150,8,5,30,30,20.0,20.0,130.45375417656408,0.4372080497613553,,,16.8757906241048,0.527124860711472,0.41783711088912073,0.2301902556912529
CSIQ_blur,150,8,5,30,30,20.0,20.0,,,,,,0.0,,
CSIQ_contrast,116,8,4,30,26,25.862068965517242,22.413793103448278,130.21535611953425,1.0263355907798226,,,12.815413696152042,0.24200595400615993,0.41199022032717747,0.13933581091281544
KADID10k_Dist01,405,8,5,81,81,20.0,20.0,114.266812386261,0.550480903096257,,,14.94951786007614,0.4189436104643419,0.4500038701823054,0.19819053797352199
KADID10k_Dist02,405,8,5,81,81,20.0,20.0,114.2688858316315,0.5424508604482003,,,14.903677557823904,0.4082918607331337,0.450663184124913,0.1932849383604819
KADID10k_Dist03,405,8,5,81,81,20.0,20.0,114.27548081268634,0.5537914258074911,,,15.041379406321132,0.4243413250329861,0.44949148059930605,0.20020241542196307
KADID10k_Dist04,405,8,5,81,81,20.0,20.0,113.98993620453021,1.0200332169465613,,,12.274768099081271,0.41030021631367297,0.4347216629409464,0.19332870804853178
KADID10k_Dist05,405,8,5,81,81,20.0,20.0,114.30176478763556,0.566470283360939,,,15.237175722288386,0.41951070269101337,0.4477747378901729,0.19789676573814136
KADID10k_Dist06,405,8,5,81,81,20.0,20.0,112.90316255841697,0.4776005286044704,,,4.366018206172774,0.4719808805033144,0.4586506116616982,0.22592848749928995
KADID10k_Dist07,405,8,5,81,81,20.0,20.0,113.86542535277174,0.8676281428884545,,,11.550218680944983,0.3773753701593917,0.5164680411541152,0.21535974127811097
KADID10k_Dist08,405,8,5,81,81,20.0,20.0,113.9918868753617,0.8126639547621612,,,12.530057979347621,0.4370138620242187,0.4343570974773751,0.2005745938582657
KADID10k_Dist09,405,8,5,81,81,20.0,20.0,114.30627611343228,0.5460960784142368,,,15.273041112160714,0.43166896498872,0.4480940655222228,0.20328347591682197
KADID10k_Dist10,405,8,5,81,81,20.0,20.0,113.79973665656276,0.7717570368073294,,,11.275253499231471,0.43803441042736774,0.44800521381248093,0.20620548839553687
KADID10k_Dist11,405,8,5,81,81,20.0,20.0,114.50817298549141,0.38486033705720274,,,17.11571458931698,0.4520788427701665,0.4484053398579733,0.21151810664374918
KADID10k_Dist12,405,8,5,81,81,20.0,20.0,114.49910795762541,0.3997670953624657,,,17.015672408493444,0.4494928417718517,0.44838919839498964,0.21057073868144657
KADID10k_Dist13,405,8,5,81,81,20.0,20.0,114.26383095721927,0.5508355579512172,,,15.081788469684774,0.44967657868720606,0.448454346025425,0.21092826550651778
KADID10k_Dist14,405,8,5,81,81,20.0,20.0,114.47984943811542,0.4423867441997218,,,16.79325219857714,0.45439922118147114,0.44627844863781524,0.2113552158592999
KADID10k_Dist15,405,8,5,81,81,20.0,20.0,114.51670480326871,0.4208694030073118,,,16.885984614110654,0.39376476050843356,0.4477912130083761,0.18293733569523168
KADID10k_Dist16,405,8,5,81,81,20.0,20.0,114.31975373462058,2.0290267823175823,,,13.815167704059181,0.313622962195808,0.6211224047626787,0.2188982611010822
KADID10k_Dist17,405,8,5,81,81,20.0,20.0,114.24403567686441,1.5736802910103083,,,13.601713069351128,0.58422819556914,0.3378023155498962,0.2028566799793141
KADID10k_Dist18,405,8,5,81,81,20.0,20.0,114.15622087812075,0.625715940919966,,,14.346025691191931,0.4807912832326533,0.4442296258246616,0.22416234823715675
KADID10k_Dist19,405,8,5,81,81,20.0,20.0,114.29842907932607,0.5555273089605203,,,14.84920121605419,0.36498280155225277,0.4580015115815256,0.17467500891451046
KADID10k_Dist20,405,8,5,81,81,20.0,20.0,114.25461392956595,0.5710107293598727,,,14.952347671083677,0.44157737151980553,0.44777822375769494,0.20792608180950398
KADID10k_Dist21,405,8,5,81,81,20.0,20.0,114.15611611063679,0.5602179737093795,,,14.1649708807623,0.4415690548870185,0.4481934090493481,0.2079716200109064
KADID10k_Dist22,405,8,5,81,81,20.0,20.0,113.1986675013963,0.5391897540806175,,,6.418561219059178,0.43125882080297456,0.47783703546621287,0.21704929404943232
KADID10k_Dist23,405,8,5,81,81,20.0,20.0,114.22401353777751,0.5420953807673681,,,14.776271227444603,0.4454907558455821,0.4492941669679222,0.20945127033364933
KADID10k_Dist24,405,8,5,81,81,20.0,20.0,113.91579477533435,0.6250566275564957,,,13.03253841756562,0.5936761120581172,0.4632017455418135,0.2916809716551094
KADID10k_Dist25,405,8,5,81,81,20.0,20.0,114.18322417632382,0.7225724642864827,,,14.19292023050586,0.4456114104317525,0.4451172183133324,0.22214059886620036
ChallengeDB,1169,8,1,1169,1169,100.0,100.0,127.4691513286779,4.34361807368388,8.93754680008821,231.05121597284742,14.121531018991812,0.5000015194866164,0.40094095904796523,0.2174259128678498
